cultura,area,insumo
Laranja,12.566370614359172,6.283185307179586
Cana-de-açúcar,15.0,1.5
